0 0,20,20,0,0,8,8,0,0,19,19,none,water,right,,,,,SATISFIABLE,XXXXXXXXXXXXXXXXXXXXXXXXXXXXXXXXXXXX---XXXXXXXXXXXXXXXXX---XXXXXXXXXXXXXXXX----XXXXXXXXXXXXXXX------XXXXXXXXXXXXXX------XXXXXX----XXXX------XXXXXX----XXXX----XXX---------XXX-----XXX--------XXXX----XXXX--------XXXX----XXX----XXWWWWWWWWWWXXXX----XXWWWWWWWWWWXXXX----XXWWWWWWWWWWXXXX---XXXXXWWWWXXXXXXXX---XXXXXWWWWXXXXXXXX---XXXXXWWWWXX-----X--XXXXXXXWWWXX-----XXXXXXXXXXXXXXX-----XXXXXXXXXXXXXXX-----X,4,672.682,
1 0,20,20,0,0,13,13,0,0,9,9,none,water,right,,,,,SATISFIABLE,XXXXXXXXXXXXXXXXXXXXX-----XXXXXXXXXXXXXXX-----XXXXXXXXXXXXXX------XXXXXXXXXXXXXX--------XXXXXXXXXXXX----------XXXXXXXXXX-XX-------XXXXXXXXXX-XX-------XXXX------XXXXWWWWWXXXXX------XXXXXXWWWXXXXX------XXXXXXWWWWWWWWWWWXX-XXXXXXWWWWWWWWWWWXX-X---XXWWWWWWWWWWWXXXX---XXXWWWXXXWWWXXXXX---XXXXXXXXXWWWXXXXX----XXXXXXXXWWWXXXXX----XX----XXXXXXXXXX----XX----XXXXXXXXXX----------XXXXXXXXXX----------XXXXXXXXX,4,499.811,
2 0,20,20,0,0,13,13,0,0,6,6,none,water,right,,,,,SATISFIABLE,XXXXXXXXXXXXXXXXXXXX--------XXXXXXXXXXXX--------XXXXXXXXXXXX--------XXXXXXXXXXXX-XX----XXXXXXXXXXXXXXXXWWWWXXXXXXXXXXXXXXXXXWWWWWWXXXXXXXXXXXXXXWWWWWWXXXXXXXXXXXXXXWWWWWWWXXXXXXXXXXXXXXWWWWWWXXXXX----XXXXXXXWWWWWXXXX----XXXXXXXXWWWWWXXX----XXXXXXXXWWWWWWWWWWWXXXXXXXXXXWWWWWWWWWWXX---XXXXXXWWWWWWWWWXX---XXXXXXWWWXXWWWXXX---XXXXXXWWWXXWWWXXX---XXXXXXWWWXXWWWXXX---XXXXXXXXXXXXXXXXX---XXXXXXXXXXXXXXXX,4,126.077,
3 0,20,20,0,0,10,10,0,0,6,6,none,water,right,,,,,SATISFIABLE,XX---XXXXXXXXXXXXXXX--------------XXXXXX--------------XXXXXX--------------XXXXXX-------XXXXXXXXXXXX-XWWWWWWXXXXXXXXXXX--XWWWXXXXXXX---XX----XWWWXXXXXX----XX----XWWWWWWWWWWWWWXX----XWWWWWWWWWWWWWWWWWWXXWWWWWWWWWWWWWWWWWWXXWWWWXXWWWWWWWWWWWWXXWWWWXXWWWWWWWWWWWXXXWWWWXXXWWWXXWWWWWXXXWWWXXXXXXXXXXWWWWXXXXXXXXXXXXXXXXXXXXXXXXXXXXXXXXXXXXXXXXXXX----XXXXXXXXXXXXXXXX----XX---XX----XXXXX------------------X,4,176.326,
4 0,20,20,0,0,7,7,0,0,7,7,none,water,right,,,,,SATISFIABLE,XX----XXXXXXXXXXXXXXXX----XXXXXXXXXXXXXX------------XXX-----------------XXX-----------------XXX----------XXXXXXXXX------X----XXXXXXXXX-----XX----------XXX-----XXWWWWWWWWWWWXXWWWWXXXXWWWWWWWWWWXXWWWXXXXXWWWXXXWWWWXXWWWXXXXXXXXXXXWWWWWWWWWWWXXXXXXXXXWWWWWWWWWWWXXXXXXXXXXWWWWWWWWWWXX----XXXXWWWWWWWWWWXX----XXXXXWWWXXWWWWXX----XXXXXWWWXXXWWWXX----XXXXXWWWXXXWWWXX----XXXXXXXXXXXXXXXX-------XXXXXXXXXXXX,4,559.848,
5 0,20,20,0,0,12,12,0,0,5,5,none,water,right,,,,,SATISFIABLE,XXXXX-----------XXXX-------------------X-------------------X-------------------XX-------XX-------XXXXXWWWWWWXX---XXXXXXXXXWWWWWWXX---XXXXXX-XWWWWXXXXXXXXXX-----XWWWWXXXXXXXXXX-----XWWWWWXXXX----------XXWWWWXXXX----------XXWWWWWWXXWWWWWWWWWXXXWWWWWWXXWWWWWWXXXXXXXWWWWWWWWWWXXXXXXXXXXWWWWWWWWWWXXXXXXXXXXXXWWWWWWWWXX---XXXXXXXXWWWWWWXXX---XXXXXXXXWWWWWXXXX---XXXXXXXXXXXXXXXX----XXXXXXXXXXXXXXX-----XX,4,781.445,
6 0,20,20,0,0,13,13,0,0,5,5,none,water,right,,,,,SATISFIABLE,XXXXXXXXXXXXXXXXXXXX-----XXXXX----XXXXXX-----XXXXX----XXXXXX-----XXXXX----XXXXXXXX----XXXX----XXXXXXXX-----------XXXXXXXXX-----------XXXXXXXXXX----------XXXXXXXXXX------XXXXXXXXXXXXXXX-----XXXXXX-----XXXXXX--------------XXXXXX--------------XXXXXXWWWWWWWWWWWWWXXXXXXXXWWWWWWXXWWWWXXXXXXXXWWWWWWXXWWWWXXXXXXXXXWWWWXXXWWWXXXX---XXXWWWWXXXWWWXXXX----XXXWWWXXXXXXXXXX----XXXXXXXXXXXXXXXX-----XXXXXXXXXXXXX,4,587.05,
7 0,20,20,0,0,12,12,0,0,5,5,none,water,right,,,,,SATISFIABLE,X-----XXXXXXXXXXXXXX------XXXXXXXXXXXXXX------XXXXXXXXXXXXXX------XXXXXXXXXXXXXXXWWWWXXXXXXXXXX---XXXWWWWXXXXXXXXXX---XXXWWWXXXXXXXXXXX-----XWWWXXXXXXXXXXX-----XWWWWWWXXXXXXXX-----XWWWWWWWWXXXXXX-----XWWWWWWWWWWXXXX-----XWWWWWWWWWWXXXWWWWWXXWWWWWWWWWWXXWWWWWXXXXXXWWWWWWWWWWWWWWXXXXXXXXXWWWWWWWWWWWXXXXXXXXXWWWWWWWWWXXXXX----XXXXWWWWWXXXXXXX----XXXXWWWWXXXXXXXX-----XXXXXXXXXXXXXXX------XXXXXXXXXXXXX,4,450.663,
8 0,20,20,0,0,6,6,0,0,8,8,none,water,right,,,,,SATISFIABLE,XXXXXXXXXXXXXXXXXXXXXXXXXXXXXXXXXX---XX----XXXXXXXXXXX---------XX---XXXXXX----------------XXXX----------------XXXWWWWWWX----------XXWWWWWWXXX----XXWWWXXWWWWWWXXXWWWWXXWWWXXWWWWWXXXXWWWWXXWWWWWWWWXXXXXXWWWXXXWWWWWWWWXXXXXXWWWXXXWWWWWWWWXXXXXXWWWWWWWWWWWWWXXXXXXXWWWWWWWWWWWWXXXXXXXXWWWWWWWWWXXXXXX---XXXXWWWWWXXXXXXXX---XXXXWWWWXXXXXXXXX---XXXXWWWXXXXXXXX-----XXXXXXXXXXXXXXX-----XXXXXXXXXXXXXXX-----X,4,376.855,
9 0,20,20,0,0,7,7,0,0,7,7,none,water,right,,,,,SATISFIABLE,XXXXXXX----XXXXXXXXX--XX-------XXXX----------------XXXX----------------XXXX-----------------XX------------XXWWWWXX------X-----XXWWWWWWWWWWXXXWWWWXXXXWWWWWWWWXXXXWWWWXXXXWWWWWWWWXXXXXWWWWWXXWWWXXWWWXXXXXWWWWWXXXXXXXWWWXXXXXWWWWWXXXXXXXXXXXXXXXXXWWWXXXXXXXXXXXXXXXXXXXXXXXXXXXXXXXXXXXXXXXXXXXXXXXXXXXXXX---XXXXXXXXXXXXXXXXX---XX---XXXXXXXXXXXX---------XXX------XX---------XXX------XX------------------X,4,533.887,
10 0,20,20,0,0,14,14,0,0,7,7,none,water,right,,,,,SATISFIABLE,X-----------------XX-------------------X-------------------X-------------------X--------XXXX-------X-------XXXXXXX-----XXWWWWWWXXXXXXXWWWXXXXXWWWWWXXXXXXXWWWXXXXXWWWXXXXXXXXXXXXXX-XWWWWXXXXXXXXXXXXXX-XWWWWXXXXXXX--------XWWWWWWWWXXX--------XWWWWWWWWXX---------XWWWWWWWWWWWWWWWWWWXXWWWXXWWWWWWWWWWWWWXXWWWXXWWWWWWWWWWXXXXXXXXXXWWWWWWWWWWXXXXXXXXXXXXWWWXXWWWXXXXXXXXXXXXXXXXXXXXXXXXX-----XXXXXXXXXXXXXX,4,727.201,
11 0,20,20,0,0,16,16,0,0,7,7,none,water,right,,,,,SATISFIABLE,XX---XXXXXXXXXXXXXXXX----XXXXXXXXXXXXXXXX----XXXXXXXXXXXXXXX-----XX---XXXXXXXXXX----XXX---XXXXXXXXXX----XXX---XXXXXXXXXXXWWWWXX---XXXXXXXXXXXWWWWXX----------XXXXWWWWXX----------XXXXXWWWXX------------XXXWWWXX----XX------XXXWWWXXWWWWXXX-----XXXWWWWWWWWXXXX------XXWWWWWWWWXXXXX-----XXWWWWWWWWXXXXX-----XXXXWWWWWXXXXXXWWWWXXXXXXWWWXXXXXXXXWWWXXXXXXXXXXXXXXXXXWWWXXXXXXXXXXXXXXXXXXXXXXXXXXXXXXXXXXXXXXXXX,4,369.634,
12 0,20,20,0,0,6,6,0,0,5,5,none,water,right,,,,,SATISFIABLE,XX-----XXXXXXXXXXXXX--------XXXXXXXXXXXX--------XXXXXXXX------------XXXXXXXX----X-------XXXX--------X------XXXXX-------XX------XXX---------XXX------XX---------XXXWWWWWWWWWWWWWWXXXXXXXXWWWWWWWWWWWXXXXXXXXXXWWWWWWWWWWXXXXXXXXXXXXWWWWWWWWWWWWXXXXXXXXWWWWWWWWWWWWXXXXXXXXXXWWWWWWWWWWXXX---XXXXWWWWWWWWWXXXX-----XXWWWWWWWWWXXX------XXXXXXWWWXXXXX------XXXXXXXXXXXXXX------XXXXXXXXXXXXXX------XXXXXXXXXXXXX,4,148.146,
13 0,20,20,0,0,12,12,0,0,11,11,none,water,right,,,,,SATISFIABLE,XXXXXXXXXXXXXXXXXXXX--XXXXXXXXXXXXXXXXXX--XXXXXXXXXXXXXXXXXX--XXX-----XXXXXXXXXX--XXX-----XXX---XXXX--XX------XXX---XXXX--XX----XXXXX---XXXX--------XXXX-----XXX-------XXX-----------------XXX----------X------XX-----------XXWWWWXXX----------XXXWWWWXXX----------XXXWWWWXXX----------XXXXWWWXXX---------XXXXXWWWWWWWWWWWWWWWXXXXXWWWWWWWWWWWWWWWXXXXXWWWWWWWWWWWWXXXXXXXXXXXXXXXXXXXXXXXXXXXXXXXXXXXXXXXXXXXXX,4,524.211,
14 0,20,20,0,0,13,13,0,0,6,6,none,water,right,,,,,SATISFIABLE,XXXXXXXXXXXXXXXXXXXXXXXX---XX---XXXXXXXX------------XXXXXXXX------------XXXXX---------------XXXXX---XWWWWXX-----XXXXX---XWWWXXXWWWWXXXXXX---XWWWXXXWWWXXXXXXX---XXXXXXXWWWXXXXXXX---XXXXXXXWWWWWXXXX----X---XXXWWWWWWWXX----X---XXXWWWWWWWXX----X---XXXXXWWWWWWWWWWXX----XXXXXXWWWWWWWWXX------XXXXWWWWWWWWXX--------XXWWWWWWWXXX--------XXXXXWWWXXXX--------XXXXXXXXXXXX--------XXXXXXXXXXXX--------XXXXXXXXXXX,4,786.582,
15 0,20,20,0,0,11,11,0,0,7,7,none,water,right,,,,,SATISFIABLE,XX---XXXXXXXXXXXXXXXX----XXXXXXXXX---XXXX----XXXXXXXXX---XXX-----XX---XXXX---XXX----XXX---XXXX---XXX----XXX---XXXX-----XX----XX---XXXX-----XX----XX---XXXX------X---------XXXX------XX--------XXXX------XX---------XXX-----XXX---XXWWWWWWWWWWWWXXX---XXWWWWWWWWWWWWXXX---XXXWWWWWWWWWWXXXXXXXXXXWWWWXXWWWXXXXXXXXXXXXWWWXXWWWXXXXX---XXXXWWWXXXXXXXXXX---XXXXXXXXXXXXXXXX----XXXXXXXXXXXXXXXX----XXXXXXXXXXXXXXX,4,690.389,
16 0,20,20,0,0,18,18,0,0,5,5,none,water,right,,,,,SATISFIABLE,XX------XXXXXXXXXXXX------------XXXX---X-------------------X-------------------XXX-----XX----------XXX----XXX-----XXWWWXX-----XXXX----XXWWWXXWWWWWXXXX----XXWWWXXWWWWXXXXXXXXXXXXXXXXWWWXXXXXXXXXXXXXXXXXWWWXXXXXXXX--------XWWWWWWXXXX---------XWWWWWWWWXX---------XWWWWWWWWWWWWWWWXX--XWWWWWWWWWWWWWXXXX--XXWWWWWWWWWWWWXXXXX-XXXWWWXXWWWWWWXXXXX-XXXXXXXXXXXXXXXXXXXXXXXXXXXXXXXXXXXXXXXXXXXXXXXXXXX---XXXXXX,4,491.595,
17 0,20,20,0,0,13,13,0,0,5,5,none,water,right,,,,,SATISFIABLE,XXXXXXXXXXXXXXXXXXXX----XXXXXXXXXXXXXXXX------XXXXXXXXXXXXXX------------XXXXXXXXX-----------XXXXXXXXX-----------XXXXXXXXX---------XXXXXXXXXXXXX-----XXXXXXXXXXXXXXX-----XXXXXXXX---XXXXWWWWWXXXXXXXX----XXWWWWXXXX---XXX----XXWWWWXXXX----------XXWWWWWWWWWWWWWWWWWXXXWWWWWWWWWWWWWWWWWXXXWWWWWWWWWWWWXXWWWXXXWWWWWXXWWWWWXXXXXXXXWWWWWXXXWWWWXXXXXXXXWWWWXXXXWWWXXXXXXXXXXXXXXXXXXXXXXXXXXXXXXXXXXXXXXXXXXXXXXX,4,61.674,
18 0,20,20,0,0,10,10,0,0,5,5,none,water,right,,,,,SATISFIABLE,XXXXXXX---XXXXXXXXXX------------XXXXXXXX------------XXXXXXXX------------XXXXXXXXX-----XX----XXXXXXXXX----XXXXWWWWXXXXXXXX---XXXXXWWWWWXX----X---XXXXXWWWWWXX----X---XXXXXXWWWWXX----XXXXXXXXXXXWWWWWWWWXXXXXXXXXXXXWWWWWWWWXXXX----XXWWWWWWWWWWXXXX----XXWWWWWXXXXXXXXX----XXWWWWWXXXXXXXXX----XXWWWWXXXXXXXXXX----XXXXXXXXXXXXXXXX----XXXXXXXXXXXXXXXX-----XXXXXX---XXXX-------XXXXXX---XXXX----------------XXX,4,86.463,
19 0,20,20,0,0,5,5,0,0,8,8,none,water,right,,,,,SATISFIABLE,XXXXXXXXXXXXXXX---XXXXXXXXXXXXXXXXX-----XXXXXXXXX----XX-------XXXXXX-----XX---------XXXX-----XX----X------XX----XXXWWWWX------XX----XXXWWWXXX----------XXXWWWWXXX----------XXXWWWWXXXX---------XXWWWWWXXXXX-------XXXWWWWXXXXXX-----XXXXXWWWWXXXXXXWWWWWXXXXWWWWXXXXXXXXWWWWWWXXWWWWXXXXXXXXXWWWWWWWWWWWXXXXXXXXXWWWWWWWWWWXXXXXXXXXXWWWWWWWWWWXXXXXXXXXXXXXXXWWWXXXXXXXXXXXXXXXXXXXXXXXXXXXXXXXXXXXXXXXXXXXXXXX,4,554.608,
20 0,20,20,0,0,10,10,0,0,5,5,none,water,right,,,,,SATISFIABLE,XXXX---XXXXXXXXXXXXX---------XX---XXXXXX---------XX---XXXXXX---------XX---XXXXXXX-----XXXXX---XXXXX-XX----XXXXX---XXXX--XXWWWWWWWWWWWWXX----XXWWWWWWWWWWWWXX----XXXWWWWWWWWWWWXX----XXXWWWWWWXXWWWWWWWWXXWWWWWWWWXXWWWWWWWWXXWWWWWWWWXXWWWWWWWWXXWWWWWWWXXXXWWWWWXXXXWWWXXXXXXXXWWWWWXXXXXXXXXXXXXXXXXXXXXXXXXXXXX---XXXXXXXXXXXXXXXXX--------XX---XXXXXXX-------------XXXXXXX-------------XX------------------X,4,169.177,
21 0,20,20,0,0,14,14,0,0,6,6,none,water,right,,,,,SATISFIABLE,XX-----------------X-------------------X-------------------X-------------------X--------------XX---XX-------------XXWWWXX-------------XXXXXXX-----------XXXXXXXXXXWWWWWWWXXXXXXX----XXWWWWWWXXXXXXXX----XXXXXWWWXXXXXXX-----XXXXXWWWXX---XX-----XWWWWWWWXXWWWXX-----XWWWWWWWWWWWWWWWWWWXXWWWWWWWWWWWWWWWWWWXXXXXWWWWWWWWWWWWWWXXXXXXWWWXXWWWWXXWWWXXXXXXWWWXXWWWWXXWWWXXXXXXXXXXXXXXXXXXXXXXXXXXXXXXXXXXXXXXXXXX,4,467.204,
22 0,20,20,0,0,14,14,0,0,6,6,none,water,right,,,,,SATISFIABLE,X---XXXXXXXXXXXXXXXXX---XXXX----XXXXXXXX----------------XXXX-----------------XXX-----------------XXXXWWWWWWWWWWXX----XXXXXWWWWWWXXXXXXWWWXXXXXXWWWXXXXXXXXXXXXXXXXXWWWXXXXXXXXXXXXXXXXWWWWWWWWXXXXXXXXXXXXWWWWWWWWWXXXXX----XXWWWWWWWWWXXXXX----XXWWWXXWWWWWWXXX----XXWWWXXXWWWWWWWWWWWXXXXXXXXXWWWWWWWWWWWXXXXXXXXXXWWWWWWWWWWXXXXXXXXXXWWWXXWWWWXXXXXXXXXXXWWWXXXWWWXXXXXX---XXXXXXXXXXXXXXXXX---XXXXXXXXXXXXX,4,176.145,
23 0,20,20,0,0,11,11,0,0,7,7,none,water,right,,,,,SATISFIABLE,XXXXXXXXXXXXXXXXXXXXX---XXXXXXXXXXXXXXXXX---XXXXXXXXXXXXXXXX-------XXXXXXXXXXXXX-------XXXXXXXXXXXXX-------XXXXXXXXXXXXXX-----XXXXXXXXXXXXXXX-----XXXXXXXXXX----X----XXXXXXXXXXX----X----XXXWWWXXXXX----XXWWWWWWWWWXXXWWWWWXXXWWWWWWWWWWXXWWWWWXXXWWWWWWWWWWXXWWWWWXXXXXXXWWWWWWWWWWWWXXXXXXXXWWWWWWWWWWWWXXX---XXXXXWWWWWWWWWXXX---XXXXXXWWWWXXXXXXX------XXXXWWWXXXXXXX-------XXXXXXXXXXXXX-------XXXXXXXXXXXX,4,303.044,
24 0,20,20,0,0,16,16,0,0,7,7,none,water,right,,,,,SATISFIABLE,XXXXXXXXXXXXXXXXXXXX-----XX----XXXXX---X-----------XXXXX---X-----------XXXX----X------------XXX----X----XX-------------XXWWWXXXX-----------XXWWWXXXX----------XXXXXXXX-----XXXXWWWXXXXXXXX-----XXXXXXXXXX----------XXXXXXXXXX---------XXX-------XWWWWWWWWXXXX-------XWWWXXXXXXXX--------XWWWXXXXXXXX-----XX-XWWWWWWWWWWWWWWWWXXXXWWWWWWWWWWWWWWWXXXXXWWWWWWWWWWWWWWWXXXXXXXXXXXXXXXXXXXXXXXXXXXXXXXXXXXXXXXXXXXX,4,232.109,
25 0,20,20,0,0,9,9,0,0,5,5,none,water,right,,,,,SATISFIABLE,XX------XXXXXXXXXXXX--------XXXXXXX-------------XXXXXXX-------------XXXX--------XWWWWWWXXXXX--------XWWWWXXXXXXX--------XWWWWXXXX------XXX--XWWWWXX--------XXXX-XXWWWWWWWWWWWWWXXXXXXXWWWWWWWWWWWWXXXXXXXXWWWWWWWWWWWWXXXXXXXXXWWWWWWWWWWWXXXXXXXXXXXWWWWWWWWXXXXXXXXXXXXXWWWWWWWXXXXXXXXXXXXXWWWWWWWXXXXXXXXXXXXXWWWWWXXXXXXXXXXXXXXXXXXXXXXXXXXXXXXXXXXXXXXXXXX---XXXXX---XX---XXXX-----XXX------------------X,4,401.13,
26 0,20,20,0,0,9,9,0,0,8,8,none,water,right,,,,,SATISFIABLE,XXX----------XXXXXXXXXX-----------XXXXX--XX-----------XXXX---XX-----------XXXX---------XXWWWWWXX-----------XXXXWWWXX-----------XXXXWWWXX----XXX---XXXXWWWWXX----XXX---XXXWWWWWWWWWWXXXXWWWXXXWWWWWWWWWWXXWWWWWWWWWWWWWWWWWWXXWWWWWWWWWWWWWWWXXXXXWWWWWWWWWWWWWWWXXXXXXWWWWWWWWXXWWWXXXXXXXWWWWWWWXXXXXXXXXXXXXXWWWWWXXXXXXXXXXXXXXXXWWWWXXXXXXXXXXXXXXXXXWWWXX---------XXXXXXXXXXX---------XXXXXXXXXXX---------X,4,727.19,
27 0,20,20,0,0,13,13,0,0,7,7,none,water,right,,,,,SATISFIABLE,XXXXXXX---XXXXXXXXXX----------XXXXXXXXXX----------XXXX---XXX----------XXXX---XXX-XXXWWWWWXXXX----XXX-XXXXWWWWXXX--------XXXXXXWWWXXX--------XXXXXXWWWXXX--------XWWWWWWWWWWWWWWXX---XWWWWWWWWWWWWWWXXXX-XWWWWWWWWWWWWWWXXXX-XXXXXXWWWWXXXXXXXXX-XXXXXXWWWWXXXXXXXXXXX---XXWWWWXXXXXXXXXXX---XXXXXXXXXXXX---XX---XXXXXXXX-------XX---XXXXXXXX-------XX---XXX------------XX---XXX------------XX------------------X,4,56.774,
28 0,20,20,0,0,15,15,0,0,5,5,none,water,right,,,,,SATISFIABLE,XXXXXXXXXXXXX---XXXX------XXXXXXX---XXXX------XXXXXXX---XXXX------XXXXXXX-----XXX-----XXXXXXX-----XXXX----XXXXX-------XXXX---------------XXXXXX-------------XXXXXXX-----------XXXXXXXXXXXXXX------XXXXXXXXXXXXXXWWWWWWXXXXXXXX----XXWWWXXXXX----XX----XXWWWXXXXX----XX----XXWWWWWWXX----XX----XXWWWWWWWWWWWXXX----XXWWWWWWWWWWWXXX----XXXXXWWWWWWWWXXX----XXXXXXXWWWWXXXXX----XXXXXXXXXXXXXXXX----XXXXXXXXXXXXXX,4,625.148,
29 0,20,20,0,0,16,16,0,0,5,5,none,water,right,,,,,SATISFIABLE,XXXXXXXXXXXXXXXXXXXX------XXXXXXXXXXXXXX--------XXXXXXXXXXXX-------------XXXXXXXXXX----------XXXXX--XXXXX--------XXXXX--XXXXX-------XXXXXX--XXXXXX------XXXXXX--XXXXXX-----XXXXXXX--XXXXXXX----XXXXXX---XXXXXXXX-----XXXX---X----XXX------XX----X-----XXWWWWWWXX----X-----XXXXWWWWXX----X-----XXXXXWWWXX----X-------XXXWWWWWWWWXX-------XXXWWWWWWWWXX-------XXXWWWWWWWWXX-------XXXXXXXXXXXXX-------XXXXXXXXXXXX,4,595.086,
,,,,,,,,,,,,,,,,,,,,,,
0 1,20,20,3,3,0,0,5,5,0,0,none,water,up,,,,,SATISFIABLE,XX------------XXXXXXXX---------------XXXXXXX-------------XXXXXXXXXX----------XXXXXXXXXX---XXX----XXXXXXXXXXXXXXXXXWWWWXXX----XXXXXXXXXWWWWWXX-----------XXWWWWWXX-----------XXXWWWWXX-----------XXXWWWWXX------XXWWWWWWWWWWXXXX----XXWWWWWWWWWWXXXX----XXWWWWWWWWWWXX-----XXXXWWWWWWWWWXX-----XXXXWWWWWWXXXXX-----XXXXWWWWWXXXXXX----XXXXXXXWWWXXXXXX----XXXXXXXXXXXXXXXX----XXXXXXXXXXXXXXXX---XXXXXXXXXXXXXXXX,4,1044.18,
1 1,20,20,3,3,0,0,5,5,0,0,none,water,up,,,,,SATISFIABLE,XX-----XXXXXXXXXXXXXXX-----XXXXX---XXXXXXXXWWWWXX---------XXXXXWWWWXX---------XXXXXWWWWXX----------XXXXXWWWWWWWWXXX----XXXXXWWWWWWWWXXX----XXXXXWWWWWWWWXX----XXXXXXXXXXXXXXXX----XXXXXXXXXXXXXXXX----XXXXXXX------------XXXXXXXX------------XXXXXX--------------XXXX-------XX------XXXXX-------XXWWWWWWXXXXX-----XXXXWWWWWXXXXXX-----XXXXXWWWWXXXXXX----XXXXXXWWWWXXXXXX----XXXXXXXWWWXXXXXX---XXXXXXXXXXXXXXXX,4,1276.922,
2 1,20,20,6,6,0,0,5,5,0,0,none,water,up,,,,,SATISFIABLE,XXXXX---------XXXXXXXXXXX---------XX---XXXXXXXX-------XX---XXXXXXXXXX-----XX---XXXXXXXXXX----------XXXXX---XX----------XXXXX---XXX---------XXX-----XXXXX-------XXX-----XXXXXX------XXX-----XXXXXX------XXX---------XXXXWWWWXX----------XXXXWWWWXX-----------XXXXWWWXX-----XX----XXXXWWWXXX----XX----XXXXWWWXXX----XX----XXXXWWWXX----XXXXWWWWWWWWWWXX----XXXXWWWWWWWWWWXX----XXXXWWWWWWWWWWXX---XXXXXXXXXXXXXXXX,4,2081.563,
3 1,20,20,17,17,0,0,14,14,0,0,none,water,up,,,,,SATISFIABLE,XXXXX------------XXXXX---------------XXXXX--------XX---XXXXXXX--------XXXXXXXXXXXX----XXXXXXXXXXXXXXX----XXXXXXXXXX---XXX----XXXXXXXXX----XXXWWWWXXX-----------XXWWWXXX------------XXWWWXXX------------XXWWWWWWWWWWXX-----XXXWWWWWWWWWXXX-----XXXWWWWWWWWWXXX-----XXXXXXWWWXXXXXX----XXXXXXXXXXXXXXXX----XXXXXXXXXXXXX-------XXXXXXXXXXXXX------XXXXXXXXXXXXXX------XXXXXXXXXXXXXX----XXXXXXXXXXXXXXXX---XXXXXXX,4,2784.426,
4 1,20,20,15,15,0,0,16,16,0,0,none,water,up,,,,,SATISFIABLE,XXXXXXXXX------XXXXXXXX------------XXXXXXXX---------XXXXXXXXX-----------XXXXXXXXX-----XXXXXXXXX---XXXWWWWWXXXXXXXXX----XXWWWXXXXXXXXXXX----XXWWWXXXX-----------XXWWWXXXX----------XXXWWWXXX-----------XXXWWWXXX----XX----XXXXWWWWWWWWWWXX----XXXXWWWWWWWWWXXX----XXXXWWWWWWWWWXXXX-----XXXXXXXXWWWXXXX-----XXXXXXXXXXXXXXX-----XXXXXXXXXXXXXXXX----XXXXXXXXXXXXXXXX----XXXXXXXXXXXXXXXX----XXXXXXXXXXXXXXXXX---X,4,1056.827,
5 1,20,20,3,3,0,0,5,5,0,0,none,water,up,,,,,SATISFIABLE,XX----XXXXXXXXXXXXXXXX----XXXX-------XXXXXX---------------XXXXX---------------XXXXX---------------XXXXXXX--------------XXXXXXXXX-----------XXXXXXXXXXXWWWWWWWWWXXX----XXXXXWWWXXWWWXXX----XXXXXXXXXXWWWXXX----XXXXXXXXXXWWWXXX----XXXXXXXXXXWWWXXX---------XXXXXWWWXXXX--------XXWWWWWWXXXX--------XXWWWWWWXXX----XXWWWWWWWWWWWXX-----XXWWWWWWWWWWWXX-----XXWWWWWWWWXXXXX----XXXXWWWWWXXXXXXX---XXXXXXXXXXXXXXXX,4,1348.61,
6 1,20,20,14,14,0,0,2,2,0,0,none,water,up,,,,,SATISFIABLE,XXXXXXXXXXXXX----XXXXXXXXXXXXXXXX-----XXXXXXXXXXXXXXXX----XXXXXXXXXXXXXXXX----XXXXXXXXXXXXXXXXX----XXXXXXXXXXXXXXXX----XXXXXXXXXXXXXXXXWWWWXXXXXXXXXXXXXXXXXWWWXXXXXXXXXXXXXXXXXWWWXXXXXXXXXXXXXXXXXWWWXXXXXXXXXXXXXXXWWWWWXXXX--------XXXWWWWWXXXX--------XXXWWWWWXXX---------XXWWWWWWXXX----XXWWWWWWWWWWWXXX----XXWWWWWWWWWXXXX-----XXWWWWWWWWXXXXX----XXXXXWWWXXXXXXXX----XXXXXWWWXXXXXXXXX------XXXXXXXXXXXX,4,1685.847,
7 1,20,20,15,15,0,0,16,16,0,0,none,water,up,,,,,SATISFIABLE,XXXXXXXXXX-----XXXXXXXXX---XXX-----XXXXXXXXX----XX----XXXXXXXXXX---------XXXXXXXXXXX---------XXX---XXXXX---------XX----XX---------XXXXX----XX--------XXXXXX----XXWWWWWWXXXXXXX-----XXWWWXXXXXXXX------XXXWWWXXXXX---------XXXWWWXXXXX--------XXXXWWWXX-----------XXXXWWWXX------XX----XXXWWWXXWWWWWWXX----XXXWWWWWWWWXXXXX----XXXWWWWWWWWXXXXXX----XXWWWWWWWWXXXXXX----XXXXXXXXXXXXXXXX----XXXXXXXXXXXXXXXXX---X,4,858.824,
8 1,20,20,8,8,0,0,17,17,0,0,none,water,up,,,,,SATISFIABLE,XXXX----XXXXXXXXXXXXXXXX----XXXXXXXXXXXXXX-----XXXXXXXXXXXXXXX-----XXXXXXXXXXXXXX------XXXXXXXXXXXXXX----XXXXXXXXXXXXXXXXWWWWXXXXXXXXXXXXXXXXWWWXXXXXXXXXXXXXXXXXWWWXXXXXXXXXXX---XXXWWWWWXX----------XXXWWWWWXX-----------XXWWWWWXX-----------XXWWWWWWWWWWWXX-----XXWWWWWWWWWWWXX----XXXXWWWWWWWWWXXX----XXXXWWWXXWWWWXXX----XXXXXXXXXXWWWXX----XXXXXXXXXXXXXXXX----XXXXXXXXXXXXXXXX----XXXXXXXXXXXXX------XXXX,4,502.527,
9 1,20,20,16,16,0,0,16,16,0,0,none,water,up,,,,,SATISFIABLE,XXXXXX----------XXXXXXXXX-----------XXXXXXXXX-----XXXXXXXXXXXXXXX----XXXXXXXXXXXXXX-----XXXXXX---XXXXX------XXXXXX---XXXXX------XXXXXX---XXXX------XXXXXXX---XXXX-----XXXXXXXX-----XXWWWWXXXX----------XXWWWXXXX-----------XXWWWXXXX---------XXXXWWWXXXX---------XXXXWWWXXX----XXX----XXXWWWWWWWWWWXXX----XXXWWWWWWWWWWXXX----XXXWWWWWWWWWXXXXX----XXWWWWWWWWXXXXXX----XXWWWWWWWWXXXXXX----XXXXXXXXXXXXXXXXX---X,4,1298.427,
10 1,20,20,18,18,0,0,19,19,0,0,none,water,up,,,,,SATISFIABLE,XXXXXXXXXXXXXX----XXXXXXXXXXXXXX------XXXXXXXXXXXXXX-----XXXXXXX-------------XXXXXXX-----------XXXXXXXX------------XXXXXXX-----XXWWWWXXXXXXXXX-----XXXXXXXXXXXXXXX-----XXXXXXXXXXXXXXXWWWWXXXXXXXXXXXXXXXXWWWXXXXXXXXXXXXXXXXXWWWXXXXXXXXXXXXXXXXWWWWXXXX--------XXXXWWWWXXXX--------XXXXWWWWWWXX---------XXXWWWWWWWWWWWXX----XXXXWWWWWWWWWWXX-----XXXXXWWWWWWWWXX-----XXXXXWWWWXXXXXXX----XXXXXXXXXXXXXXXX---XX,4,1489.892,
11 1,20,20,0,0,0,0,0,0,0,0,none,water,up,,,,,TIMEDOUT,,4,3000,
12 1,20,20,3,3,0,0,2,2,0,0,none,water,up,,,,,SATISFIABLE,XX-------XXXXXXXXXXXXX-------XX---XXXXXXXXX-----------XXXXXXXXXX--------------XXXXXX--------------XXXXXX--------------XXXXXXX-------------XXXXXXX-----XX------XXXXXXXX----XXXX----XXXXXXXXWWWXXXXXWWWWWXX---XXWWWXXXXXWWWWWXX---XXXXXXXXXXXWWWWXX---XXXXXXXXXXXWWWWXX----------XXXXWWWWXX----------XXXXXWWWXX------------XXXWWWXX-----XXWWWWWWWWWWWXX----XXXWWWWWWWWWWWXX----XXXXXWWWWWWWWWXXX----XXXXXXXXXXXXXX,4,732.785,
13 1,20,20,18,18,0,0,16,16,0,0,none,water,up,,,,,SATISFIABLE,XXXXXXXXXXX-------XXXXXXXXXX----------XXXXXXXXXX---------XXXXXXXXXXWWWWWWWWWWXXXXXXXWWWWWWWWXXWWWXXXXXXXWWWWWWWXXXXXXXXXXXXXWWWWWWWXXXXXXXXXXXXXWWWWWWWXXXXXXXXXXXXXWWWWWWXXXXXXXXXXXXXWWWWWWWXXXXXXXXXXXWWWWWWWWWXXXXXXXXXXXWWWWWWWXXXXXXX----XXWWWWWXXXXXXXXX----XXWWWWXXXXX---------XXWWWXXXX----------XXXWWWXXX-----------XXXWWWWWWWWWWWWXX----XXWWWWWWWWWWXXXX----XXWWWWWWWWWWXXXX----XXXXXXXXXXXXXXXXX---X,4,1443.861,
14 1,20,20,5,5,0,0,2,2,0,0,none,water,up,,,,,SATISFIABLE,XXXX------------XXXXXXXX------------XXXXXXXXXXXX--------XXXXXXXXXXXXX-------XXXXXXXXXXXXXXX-----XXXXXXXXXXXXXXX-----XXXXXXXXXXXXXXXX----XXXXXXXXXXXXXXXX----XXXXXXXXXXXXXXXXX-----XXXXXXXXXXXXXXXWWWWWXXXXXXXXXXXXXXXWWWWWWXXXX--------XXXXWWWWXXXX--------XXXXWWWWXXXX----------XXXWWWXXX----XX-----XXXWWWXXX----XXWWWWWXXXWWWXX-----XXXXWWWWWWWWWXX----XXXXXWWWWWWWWWXX----XXXXXWWWWWWWWWXXX---XXXXXXXXXXXXXXX,4,1257.651,
15 1,20,20,18,18,0,0,15,15,0,0,none,water,up,,,,,SATISFIABLE,XXXXXX------------XXXXXXXX------------XXXXXXXX-------XXXXXXXXXXXXX-------XXXXXXXXXXXXX-------XXXXXXXXXXXXX----XXXXXXXXXXXX--------XXXXXXXXXXXX-------XXXXXXXXXXXXX-------XXXXXXXXXXXXXWWWWXXXXXXXXX----XXWWWWWXXXXXXXXX----XXWWWWWXXXXXXXXX----XXWWWWXXXXXXXXXX----XXWWWXXXXX----------XXWWWXXXX-----------XXWWWXXX-----------XXXWWWWWWWWWWWXX----XXXWWWWWWWWWWWXX----XXXWWWWWWWWWWXXX----XXXXXXXXXXXXXXXXX---XX,4,1132.643,
16 1,20,20,5,5,0,0,5,5,0,0,none,water,up,,,,,SATISFIABLE,XXXX-------XXXXXXXXXXXXX-------XXXXXXXXXXXXXX------XXXXXXXXXXXXXXX-----XXXXXXXXXXXXXXXX------XXXXXXXXXXXXXXX-----XXXXXXXXX---XXX-----XXXXXXXXX---XXXXX-----XXXXXXX---XXXXX-----XXXXXXX---XXXXX-------XXXXX---XXXXXXX-------XX----XXXXXXXWWWWWWWXX-----XXXXXXXXWWWWWXX---------XXXXXXWWWXXX---------XXXXXWWWXXX---------XXXWWWWWXX----XXWWWWWWWWWWWWXX----XXXWWWWWWWWWWWXX----XXXWWWWWWWWWXXXX---XXXXXXXXXXXXXXXX,4,1382.762,
17 1,20,20,4,4,0,0,5,5,0,0,none,water,up,,,,,SATISFIABLE,XXX------XXXXXXXXXXXXXX------XXXXXXXXXXXXXXXXX------XXXXXXXXXXXXXX------XXXXXXXXXXXXXX-------XXXXXXXXXXXXXXXX-------XXXXXXXXXXXXX---------XXXXXXXXXXXX--------XXXXXXXXXXXXX-------XXXXXXXXXXXXXXX------XXX----XXXXXXXX-----XXX----XX---XXX-----XXX----------XXXWWWWXXXX---------XXXXWWWXXXX---------XXXXWWWXXX----XX----XXXWWWWXX-----XXXWWWWWWWWWWXX-----XXXWWWWWWWWWWXX----XXXXWWWWWWWWWWXX---XXXXXXXXXXXXXXXX,4,1507.026,
18 1,20,20,9,9,0,0,5,5,0,0,none,water,up,,,,,SATISFIABLE,XXXXXXXX--------XXXXXXXXXXXX--------XXXXXXXXXXXXXX------XXXXXXXXXXXXXX------XXXXXXXXXXXXXXXX------XXXXXXXXXXXXXX------XXX---XXXXXXXX-------XX---XXXXXXXXX------XX---XXXXXXXXXWWWWWWXX---XXXXXXXXXXXXWWWXX---XXXXXXXXXXXXWWWXX----XXXXXXXXXXXWWWXX----------XXXXXWWWXX----------XXXXXWWWXXX---------XXXXXWWWXXX----XXWWWWWWWWWWWXX-----XXWWWWWWWWWWWXX----XXXWWWWWWWWWWWXX----XXXXXWWWXXXXXXXX---XXXXXXXXXXXXXXXX,4,2862.219,
19 1,20,20,10,10,0,0,2,2,0,0,none,water,up,,,,,SATISFIABLE,XXXXXXXXX-----XXXXXXXXX---XXX------XXXXXXXX---XXXXX----XXXXXXXX---XXXXX----XXXXXXXX---XXXXXX-----XXXXXX---XXXXXX-----XXXXXX---XXXXXX-----XXXXXX---XXXXXXX-----XXXXX---XXXXXXX-----XXXXX---XXXXXXX------XXXX---XXXXXXXXX----XXXX---XXXXXXXXX----XX------------XXWWWWXX------------XXXWWWXX------------XXXWWWXX-------XXWWWWWWWWWXX-------XXWWWWWWWWWXX-------XXWWWWWWWWWXX----XXXXXXXXXXXXXXXXX---XXXXXXXXXXXXXXX,4,2635.249,
20 1,20,20,11,11,0,0,12,12,0,0,none,water,up,,,,,SATISFIABLE,XXXXXXXXXX--------XXXXX---XXXX---------XXXX----XXXXXXXX----XXXX----XXXXXXXXWWWWXXXX----XX----XXXWWWXXXX----------XXXWWWXXXX----------XXXWWWXX------------XXXWWWXX-------XXWWWWXXWWWXX------XXXWWWWWWWWWXXX----XXXXWWWWWWWWWXXX----XXXXXWWWWWWWWXXX----XXXXXWWWWWWXXXXXX------XXXWWWWXXXXXXX------XXXXXXXXXXXXXX------XXXXXXXXXXXXXXX------------XXXXXXXX------------XXXXXXXXXX----------XXXXXXXXXXXXXXXX----XXXX,4,537.395,
21 1,20,20,3,3,0,0,5,5,0,0,none,water,up,,,,,SATISFIABLE,XX------------XXXXXXXX-------------XXXXXXXXXXXXXXX-----XXXXXXXXXXXXXXXX-----XXXXXXXXXXXXXXX-----XXXXXX---XXXXXXX------XXXX---XXXXXXX------XXXX---XXXXXXXX-----XXXX---XXXXXXXX-----XXXX---XXXXXXXXXX----XXX---XXXXXXXXXX----XX----XXXXXXXXXXWWWWXX----XXXXXXXXXXXWWWXX---------XXXXXXWWWXXX---------XXXXWWWWXXX----------XXXWWWWXX----XXWWWWWWWWWWWWXX----XXXWWWWWWWWWWXXX----XXXXWWWWWWWWWXXX---XXXXXXXXXXXXXXXX,4,1567.739,
22 1,20,20,17,17,0,0,18,18,0,0,none,water,up,,,,,SATISFIABLE,XXXXXXX----------XXXXXXXXXX----------XXXXXXXXXX----XXXXXXXXXXXXXXXX----XXXXXXXXXXXXXX-----XXXXXXXXXXXXXXWWWWWWXXXXXXXXXXXXXXWWWWWWXXXXXXXXXXXXXXWWWWWXXXXXXXXXXXXXXXWWWWXXXXXXXXXXXXXXXWWWWXXXXXXXXXXXXXXXXWWWWXXXXXXXXXXXXXXWWWWWWXXXXXXXXXXXXXXWWWWWXXXXXXXXX---XXXWWWWWXXX---------XXXWWWXXXXX----------XXWWWXXXXX----------XXWWWWWWWWWWWXX-----XXWWWWWWWWWWWXX----XXXWWWWWWWWWWWXX----XXXXXXXXXXXXXXXX---XXX,4,2194.722,
23 1,20,20,0,0,0,0,0,0,0,0,none,water,up,,,,,TIMEDOUT,,4,3000,
24 1,20,20,18,18,0,0,16,16,0,0,none,water,up,,,,,SATISFIABLE,XXXXXXXXXXXXXX----XXXXXXXXXXXXXXXX----XXXXXXXXXXXXXXX----XXXXXXXXXXXXXXXX----XXXXXXXXXXXXXXX-----XXXXXXXXXXXXXXX----XXXXXXXX------------XXXXXXXX-----------XXXXXXXXX-----------XXXXXXXXX----XX---XXXXXXXXXX----XXXXXXXXXXXXXXWWWWWWXXXXXXXX----XXWWWWWWXXXXXXXX----XXWWWWWXXXX---------XXWWWXXXXX---------XXXWWWXXXX----------XXXWWWWWWWWWWWWXX----XXWWWWWWWWWWWXXX----XXWWWWWWWWWWXXXX----XXXXXXXXXXXXXXXXX---X,4,1853.251,
25 1,20,20,18,18,0,0,18,18,0,0,none,water,up,,,,,SATISFIABLE,XXXXXX------------XXXXXXXX------------XXXXXXX---------XXXXXXXXXX-----XX---XXXXXXXX-------XX---XXXXXXXX-------XXXXXXXXXXXX-------XXXXXXXXXXXXX----XXXXXXXXXXXXXXXX----XXXXXXXXXXXXXXXXWWWWXXXXXXXXXXXXXXXXWWWXXXXXXXXXXXXXXXXXWWWXXXXXXXXXXXXXXXXXWWWXXXXXXXX---XXXXXXWWWXX---------XXXXXXWWWXX---------XXXXXXWWWXX-----------XXXXWWWWWWWWXX-------XXXWWWWWWWWXX-------XXXWWWWWWWWXXXXX----XXXXXXXXXXXXXXXX---XXX,4,796.559,
26 1,20,20,4,4,0,0,3,3,0,0,none,water,up,,,,,SATISFIABLE,XXX----XXXXXXXXXXXXXXXX-----XXXXXXXXXXXXXXXX----XXXXXXXXXXXXXXXX-----XXXXXXXXXXXXXXXX----XXXXXXXXXXXXXXXX----XXXXXXXXXXXXXXXX------------XXXXXXXXX-----------XXXXXXXXX------------XXXXXXXXXXXXXXXX----XXXXXXXXXXXXXXXX----XXXXXXXXXX---XXX-----XXXXXXXXX---XXXX----XXXXX--------XXXWWWWXX------------XXXWWWXX------------XXXWWWXX------XXWWWWWWWWWWXX------XXXWWWWWWWWWXXX----XXXXWWWWWWWWWXXXX---XXXXXXXXXXXXXX,4,299.991,
27 1,20,20,18,18,0,0,19,19,0,0,none,water,up,,,,,SATISFIABLE,XXXXXXXXXXXX------XXXXXXXXXXXXXX------XXXXX---XXXXXX-----XXXXXX-------------XXXXXXX------------XXXXXXXX------------XXXXXXXX-----XX-----XXXXXX-------XX----XXXXXXX------XXX----XXXXXXX-----XXXXX---XXXXXXXWWWWWXXXXXXXXXXXXXXXWWWWXXXXXXXXXXXXXXXXWWWWXXXXXXXXXX---XXXWWWWXXXX---------XXXWWWWWXXX---------XXXWWWWWWXX---------XXXWWWWWWWWWWWXX-----XXXXWWWWWWWWWXX-----XXXXWWWWWWWWWXX-----XXXXXXXXXXXXXXXX---XX,4,664.081,
28 1,20,20,0,0,0,0,0,0,0,0,none,water,up,,,,,TIMEDOUT,,4,3000,
29 1,20,20,6,6,0,0,5,5,0,0,none,water,up,,,,,SATISFIABLE,XXXXX-----------XXXXXXXXX------------XXXXXXXXXXXX--------XXXXXXXXXXXXXXXX----XXXXXX---XXXXXXX-----XXXXX---XXXXXXXX----XXXXX---XXXXXXXX----XXXXX---XXXXXXXX----XXXXX---XX---XXXX----XXXX---XX----XXX----XXXX---XX----XXXWWWWXXXX----------XXXWWWXXXX----------XXXWWWXXX-----------XXWWWWXXX--------XXXXXWWWWXXX--------XXXXXWWWWXX----XXWWWWWWWWWWWXXX----XXWWWWWWWWWWWXXX----XXWWWWWWWWWWWXXX---XXXXXXXXXXXXXXXX,4,1619.406,
30 1,20,20,18,18,0,0,18,18,0,0,none,water,up,,,,,SATISFIABLE,XXXXX-------------XXXXXXX-------------XXXXXXX------------XXXXXXX-------------XXXXXX--------------XXXXX------------XXXXXXXX-----------XXXXXXXXX-----XX----XXXXXXXXX----XXX----XXXXXXXX----XXXX---XXX---XXX----XXXXXXXXXX---XXXWWWWXXXXXXXXXX---XXXWWWXXXXX---------XXXWWWXXXXX----------XXWWWXXX------------XXWWWWWWWWWWWXX-----XXWWWWWWWWWWWXX----XXXWWWWWWWWWXXXX----XXXWWWWXXWWWXXXX----XXXXXXXXXXXXXXXX---XXX,4,2008.119,
31 1,20,20,17,17,0,0,16,16,0,0,none,water,up,,,,,SATISFIABLE,XXXXXXXXXX-------XXXXXXXXXXXXX-------XXXXXXXXXXXXX------XXXXXXXXXXXX--------XXXXXXXXXXXX-----XXXXXXXXXXXXXX------XXXXXXXXXXXXX-----XXXXXXXXXXXXXXX-----XXXXXXXXXXXXXX-----XXXXXXXXXXXXXXX----XXXXXXXXXXXXXXX-----XXXXXX---XXXXXX----XXXXXXX----XXXXX----XXXXX------XXXXXWWWWXX---------XXWWWWWWXXX--------XXXWWWWWWXXX--------XXXWWWWWWWWWWWWXX----XXWWWWWWWWWWWWXX----XXXXWWWWWWWWWWXX----XXXXXXXXXXXXXXXXX---X,4,1068.624,
32 1,20,20,7,7,0,0,4,4,0,0,none,water,up,,,,,SATISFIABLE,XXXXXX----------XXXXXXXXXX----------XXXXXXXXXXX---XX-----XXXXXXXXXX---XXX----XXXXXXXXXXWWWXXX----XXXXXXXXXXXXXXXXX----XXXXXXXXXXXXXXXX----XXXXXXXXXX----XX-----XXX----------XXX----XXX----------XXX----XX------------XXWWWWXX----XXXWWWWWXXXWWWXX----XXXWWWWWXXXWWWXXX----XXWWWWWXXXWWWXXX----XXXWWWWWWWWWWXXX----XXXWWWWWWWWWWXXXX----XXWWWWWWWWWWXXXX----XXXXXWWWWWWWXXXX----XXXXXXWWWWWWXXXXX---XXXXXXXXXXXXX,4,3195.165,
,,,,,,,,,,,,,,,,,,,,,,
0 2,20,20,3,3,0,0,6,6,0,0,none,water,down,,,,,SATISFIABLE,XX----------XXXXXXXXXX-----------XXXXXXXXXX----XX----XXXXXXXXXX----XX----XXXXXXXXXWWWWXXXX------XXXXXXWWWWXXXX------XXXXXXWWWWXXXX------XXXXXXWWWXXXXXXXX------XXXXXXXXXXXXXX------XXXXXXXXXXXXXXWWWWWWXXXXXXXXXXXXXXXXXWWWXXXXXXXXXXXXXXXXXWWWXXXXXXXXXXX---XXXWWWXXXXX---------XXWWWWXXX-----------XXWWWWXXX-----------XXWWWWXXX-----XXWWWWWWWWWXXXX-----XXWWWWWWWWWXXXX----XXXWWWWWWWWWXXX----XXXXXXXXXXXXXXX,4,958.321,
1 2,20,20,17,17,0,0,16,16,0,0,none,water,down,,,,,SATISFIABLE,X----------------XXXX----------------XXXXX--------XXWWWWXXXXXXX-------XXWWWWXXXXXXX------XXXWWWXXXXXXXXX-----XXXXXXXXXXXXXXX----XXXXXXXXXXXXXXX----XXXXXXXXXXXXXXXX----XXXXXXXXXXXXXXXX----XXXXXXXXXXXXXX-----XXXXXXXXXXXXXXXWWWWWXXXXXXXXXXXXXXXWWWWWXXXXXXXXXXXXXXXWWWXXXXXX--------XXXWWWXXXXXX--------XXXWWWWXXXXX--------XXXWWWWWWWWWWWWXX----XXWWWWWWWWWWWWXX----XXXWWWWWWWWWWWXX----XXXXXXXXXXXXXXXXX---X,4,292.526,
2 2,20,20,3,3,0,0,16,16,0,0,none,water,down,,,,,SATISFIABLE,XX-----------------XXX-----------------XXXX----------------XXXXWWWWWWWWWXXX----XXXXWWWWWWWWXXXXXWWWXXXXXWWWWXXXXXXXXXXXXXXXXWWWWXXXXXXXXXXXXXWWWWWWWXX---XXXXXXXXWWWWWWXXX---XXXXXXXXWWWWWWXXX---XX----XXWWWXXXXX----XX----XXWWWXXXXX----------XXWWWWXXXX----------XXWWWWXX------------XXWWWWWWWWWWWXX-----XXXWWWWWWWWWWXX-----XXXWWWWWWWWWXXX-----XXXXXWWWWWWXXXXX----XXXXXXWWWWWXXXXX----XXXXXXXXXXXXXXXXX---X,4,2744.76,
3 2,20,20,18,18,0,0,7,7,0,0,none,water,down,,,,,SATISFIABLE,XX----------------XXXX----------------XXXX-----XXXXXXWWWXXXXXXX----XXXXXXWWWXXXXXXX--------XXXXXXXXXXXX--------XXXXXXXXXXXXX-------XXXX---XXXXXXXXXX----------XXXXXXXXXX----------XXXXX---XX-----------XXXX---XXXXXXXX-----XXXX---XXXXXXXX-----XXXX---XXXXXXXXX----XXXX---------XXXWWWWXX-----------XXXXWWWXX------------XXXWWWXX------XXWWWWWWWWWWXX------XXWWWWWWWWWWXX------XXXWWWWWWWWWXX-----XXXXXXXXXXXXXX,4,521.254,
4 2,20,20,16,16,0,0,5,5,0,0,none,water,down,,,,,SATISFIABLE,XX--------------XXXXXX--------------XXXXXX--------XXWWWXXXXXXXX------XXXXXXXXXXXXXX-----XXXXXXXXXXXXXXX-----XXXXXWWWXXXXXXXX------XXXWWWXXXXXXXXXWWWWWWWWWWWXXXXXXXXXWWWWWWWWWWWWXXXXXXXXXXWWWWWWWWWWWWXXXXXXXXXXXXXXWWWWWWXXXXXXXXXXXXXXXWWWWWXXXX--------XXXXXWWWXX----------XXXXXWWWXX----------XXWWWWWWXX-----XXWWWWWWWWWWWXX----XXXWWWWWWWWWWWXX----XXXWWWWWWWWWWXXX----XXXXXXWWWXXXXXXX---XXXXXXXXXXXXXXXX,4,1650.293,
